Date,Open,High,Low,Close,Adj Close,Volume
2020-08-17,11926.0,12500.0,11620.5,12308.5,12308.5,2605664248
2020-08-18,12308.5,12404.5,11810.5,11956.5,11956.5,2219401770
2020-08-19,11956.5,12019.5,11540.0,11761.0,11761.0,2074507698
2020-08-20,11761.0,11897.0,11676.0,11869.0,11869.0,929068278
2020-08-21,11869.0,11884.5,11483.0,11529.5,11529.5,1729186824
2020-08-22,11529.5,11686.0,11373.0,11675.5,11675.5,1031435065
2020-08-23,11675.5,11711.0,11530.5,11657.0,11657.0,848794552
2020-08-24,11657.0,11835.0,11605.0,11757.5,11757.5,1027357727
2020-08-25,11757.5,11771.5,11101.5,11319.0,11319.0,2290436953
2020-08-26,11319.0,11550.0,11251.0,11466.0,11466.0,1410010209
2020-08-27,11466.0,11599.0,11116.5,11331.5,11331.5,2232804815
2020-08-28,11331.5,11548.5,11284.5,11528.5,11528.5,1105951574
2020-08-29,11528.5,11590.5,11414.5,11483.0,11483.0,830101571
2020-08-30,11483.0,11724.0,11470.0,11719.0,11719.0,989754767
2020-08-31,11719.0,11794.0,11571.5,11658.0,11658.0,1301120346
2020-09-01,11658.0,12071.0,11540.5,11937.0,11937.0,1987744352
2020-09-02,11937.0,11957.5,11165.0,11398.5,11398.5,2547385654
2020-09-03,11398.5,11473.0,9922.0,10144.0,10144.0,3582711111
2020-09-04,10144.0,10636.0,9880.0,10455.0,10455.0,2496103902
2020-09-05,10455.0,10570.0,9817.5,10161.5,10161.5,2295656172
2020-09-06,10161.5,10347.0,9993.0,10250.5,10250.5,1164344776
2020-09-07,10250.5,10413.0,9867.0,10379.5,10379.5,1690275573
2020-09-08,10379.5,10460.5,9811.0,10126.5,10126.5,2186141321
2020-09-09,10126.5,10350.0,9982.5,10222.5,10222.5,1103571425
2020-09-10,10222.5,10488.0,10219.0,10343.0,10343.0,1143320649
2020-09-11,10343.0,10430.0,10200.5,10395.5,10395.5,843676265
2020-09-12,10395.5,10477.0,10271.0,10441.0,10441.0,572741240
2020-09-13,10441.0,10583.0,10201.5,10328.0,10328.0,1033507088
2020-09-14,10328.0,10750.0,10251.0,10671.5,10671.5,1335592644
2020-09-15,10671.5,10925.0,10621.0,10776.0,10776.0,1381492211
2020-09-16,10776.0,11091.5,10659.0,10949.5,10949.5,1349236607
2020-09-17,10949.5,11045.0,10737.0,10942.0,10942.0,1090445146
2020-09-18,10942.0,11039.5,10815.5,10927.5,10927.5,882174620
2020-09-19,10927.5,11192.0,10892.0,11080.0,11080.0,949727352
2020-09-20,11080.0,11080.5,10763.5,10913.0,10913.0,950477420
2020-09-21,10913.0,10984.0,10280.0,10411.0,10411.0,1937060896
2020-09-22,10411.0,10570.0,10328.5,10523.0,10523.0,1054002000
2020-09-23,10523.0,10533.0,10130.0,10228.0,10228.0,1172400450
2020-09-24,10228.0,10813.5,10190.5,10739.5,10739.5,1491937080
2020-09-25,10739.5,10757.5,10551.0,10689.0,10689.0,1015842106
2020-09-26,10689.0,10829.5,10655.0,10729.5,10729.5,668587708
2020-09-27,10729.5,10795.0,10590.0,10775.0,10775.0,767602632
2020-09-28,10775.0,10946.0,10599.0,10688.0,10688.0,1100141402
2020-09-29,10688.0,10855.0,10600.0,10839.5,10839.5,967088415
2020-09-30,10839.5,10842.0,10650.0,10778.5,10778.5,905149206
2020-10-01,10778.5,10980.0,10450.0,10607.0,10607.0,1693116204
2020-10-02,10607.0,10655.0,10376.0,10563.5,10563.5,1165536603
2020-10-03,10563.5,10610.5,10493.0,10544.0,10544.0,472896875
2020-10-04,10544.0,10698.5,10522.0,10672.5,10672.5,496221891
2020-10-05,10672.5,10798.5,10621.5,10788.5,10788.5,660645024
2020-10-06,10788.5,10795.5,10505.0,10591.0,10591.0,967073304
2020-10-07,10591.0,10675.0,10552.0,10668.5,10668.5,585066308
2020-10-08,10668.5,10954.0,10525.5,10926.5,10926.5,1071262005
2020-10-09,10926.5,11102.5,10833.0,11056.5,11056.5,759471629
2020-10-10,11056.5,11490.0,11055.5,11297.0,11297.0,1032606981
2020-10-11,11297.0,11449.0,11279.0,11371.0,11371.0,765624818
2020-10-12,11371.0,11730.0,11190.0,11544.0,11544.0,1400865680
2020-10-13,11544.0,11560.0,11313.0,11424.0,11424.0,1081121228
2020-10-14,11424.0,11555.0,11289.0,11416.5,11416.5,963252867
2020-10-15,11416.5,11645.0,11271.5,11510.0,11510.0,1057990261
2020-10-16,11510.0,11549.0,11212.0,11320.0,11320.0,1084343083
2020-10-17,11320.0,11413.5,11221.5,11364.0,11364.0,525201699
2020-10-18,11364.0,11509.0,11347.0,11507.0,11507.0,515252202
2020-10-19,11507.0,11835.0,11417.0,11752.0,11752.0,1207957271
2020-10-20,11752.0,12059.0,11675.5,11914.5,11914.5,1654398028
2020-10-21,11914.5,13239.0,11895.0,12814.0,12814.0,3417940359
2020-10-22,12814.0,13219.0,12665.5,12990.5,12990.5,1976997877
2020-10-23,12990.5,13042.5,12727.5,12941.0,12941.0,1149209117
2020-10-24,12941.0,13186.0,12888.0,13129.5,13129.5,903314606
2020-10-25,13129.5,13377.0,12855.0,13038.0,13038.0,1196467410
2020-10-26,13038.0,13270.0,12776.0,13069.0,13069.0,1610805969
2020-10-27,13069.0,13801.5,13060.0,13642.5,13642.5,2128904272
2020-10-28,13642.5,13854.5,12905.5,13268.0,13268.0,2590188154
2020-10-29,13268.0,13638.0,12983.0,13461.5,13461.5,1960110483
2020-10-30,13461.5,13675.0,13119.5,13557.5,13557.5,1884089370
2020-10-31,13557.5,14135.0,13421.0,13802.5,13802.5,1772871976
2020-11-01,13802.5,13903.0,13622.5,13756.5,13756.5,922811251
2020-11-02,13756.5,13840.0,13212.5,13566.0,13566.0,1740227757
2020-11-03,13566.0,14077.0,13288.0,14034.0,14034.0,1673203841
2020-11-04,14034.0,14279.0,13533.5,14151.5,14151.5,2129841518
2020-11-05,14151.5,15791.5,14114.0,15605.0,15605.0,3180721468
2020-11-06,15605.0,15979.0,15200.5,15608.5,15608.5,2827497868
2020-11-07,15608.5,15780.0,14366.5,14838.0,14838.0,2592662622
2020-11-08,14838.0,15670.0,14738.0,15499.0,15499.0,1455313545
2020-11-09,15499.0,15875.5,14843.0,15342.5,15342.5,2377187415
2020-11-10,15342.5,15490.0,15079.5,15309.5,15309.5,1355001035
2020-11-11,15309.5,16067.0,15288.5,15719.0,15719.0,1559444291
2020-11-12,15719.0,16368.5,15460.0,16316.0,16316.0,2229996928
2020-11-13,16316.0,16499.0,15965.5,16340.0,16340.0,1579054970
2020-11-14,16340.0,16340.0,15718.0,16083.0,16083.0,1295478185
2020-11-15,16083.0,16169.5,15795.0,15973.0,15973.0,1008923756
2020-11-16,15973.0,16886.0,15889.5,16718.0,16718.0,1715669172
2020-11-17,16718.0,17890.0,16532.5,17683.5,17683.5,2840549478
2020-11-18,17683.5,18500.0,17221.0,17788.5,17788.5,3789521364
2020-11-19,17788.5,18230.5,17350.0,17824.0,17824.0,2165844721
2020-11-20,17824.0,18837.5,17763.0,18672.5,18672.5,2331879627
2020-11-21,18672.5,18989.5,18283.5,18725.0,18725.0,1851016742
2020-11-22,18725.0,18781.5,17656.0,18464.0,18464.0,2186105725
2020-11-23,18464.0,18785.0,18045.0,18393.5,18393.5,2156681517
2020-11-24,18393.5,19449.0,18045.0,19193.0,19193.0,2767550413
2020-11-25,19193.0,19546.5,18490.5,18751.0,18751.0,2400452266
2020-11-26,18751.0,18924.5,16220.0,17165.5,17165.5,4869547159
2020-11-27,17165.5,17477.0,16460.0,17153.0,17153.0,2299039122
2020-11-28,17153.0,17874.5,16898.5,17736.5,17736.5,1356626364
2020-11-29,17736.5,18345.0,17536.5,18195.0,18195.0,1241460612
2020-11-30,18195.0,19949.0,18195.5,19714.5,19714.5,3107683217
2020-12-01,19714.5,19958.0,18140.0,18793.0,18793.0,3165344547
2020-12-02,18793.0,19351.0,18334.0,19221.5,19221.5,1729762100
2020-12-03,19221.5,19632.0,18880.5,19450.5,19450.5,1371217335
2020-12-04,19450.5,19545.0,18559.0,18658.5,18658.5,1688264359
2020-12-05,18658.5,19194.5,18503.5,19155.5,19155.5,926099520
2020-12-06,19155.5,19447.0,18880.0,19394.0,19394.0,1048486560
2020-12-07,19394.0,19450.0,18914.0,19188.0,19188.0,1038976792
2020-12-08,19188.0,19303.0,18156.5,18306.5,18306.5,1626238181
2020-12-09,18306.5,18626.5,17630.0,18533.0,18533.0,1911129220
2020-12-10,18533.0,18539.0,17925.0,18247.0,18247.0,1250055625
2020-12-11,18247.0,18286.0,17563.5,18037.5,18037.5,1868706439
2020-12-12,18037.5,18950.0,18020.0,18812.5,18812.5,1118565731
2020-12-13,18812.5,19439.0,18730.0,19172.0,19172.0,1363478354
2020-12-14,19172.0,19355.0,19007.5,19272.0,19272.0,974421380
2020-12-15,19272.0,19595.0,19055.0,19439.0,19439.0,1531807702
2020-12-16,19439.0,21604.5,19291.5,21380.0,21380.0,2906159364
2020-12-17,21380.0,23837.5,21273.5,22821.5,22821.5,5867478897
2020-12-18,22821.5,23312.5,22359.0,23134.5,23134.5,1905514933
2020-12-19,23134.5,24300.0,22780.0,23874.5,23874.5,2075861972
2020-12-20,23874.5,24350.5,23111.0,23491.0,23491.0,2109245363
2020-12-21,23491.0,24157.5,21800.0,22741.5,22741.5,3330895998
2020-12-22,22741.5,23865.0,22400.0,23835.0,23835.0,1923966495
2020-12-23,23835.0,24163.0,22590.5,23241.0,23241.0,3088958589
2020-12-24,23241.0,23795.5,22680.0,23740.0,23740.0,1922526568
2020-12-25,23740.0,24812.0,23452.0,24728.5,24728.5,2409655649
2020-12-26,24728.5,26880.0,24500.5,26490.0,26490.0,2293397405
2020-12-27,26490.0,28395.0,25848.0,26254.0,26254.0,4152651254
2020-12-28,26254.0,27495.0,26073.0,27039.5,27039.5,2222773553
2020-12-29,27039.5,27411.0,25887.0,27379.5,27379.5,2238690113
2020-12-30,27379.5,29021.0,27380.0,28907.5,28907.5,3081874067
2020-12-31,28907.5,29350.0,27941.0,28951.0,28951.0,2319304701
2021-01-01,28951.0,29717.0,28701.5,29402.5,29402.5,1838861284
2021-01-02,29402.5,33430.0,29028.5,32185.0,32185.0,4616478195
2021-01-03,32185.0,34896.0,31988.0,33062.5,33062.5,4233140121
2021-01-04,33062.5,33670.0,27650.0,32044.5,32044.5,5115041875
2021-01-05,32044.5,34600.0,29936.5,34107.5,34107.5,3831661018
2021-01-06,34107.5,37074.5,33390.5,36883.0,36883.0,4337625799
2021-01-07,36883.0,40567.0,36383.5,39487.0,39487.0,4867691089
2021-01-08,39487.0,42084.0,36595.0,40600.0,40600.0,5295943183
2021-01-09,40600.0,41495.0,38760.5,40291.5,40291.5,2903820217
2021-01-10,40291.5,41527.5,34900.0,38225.0,38225.0,4268255145
2021-01-11,38225.0,38293.0,30377.5,35390.0,35390.0,8176174490
2021-01-12,35390.0,36671.5,32555.0,34026.0,34026.0,4398254106
2021-01-13,34026.0,37800.0,32357.5,37390.5,37390.5,3490456520
2021-01-14,37390.5,40163.5,36781.5,39143.5,39143.5,3215293113
2021-01-15,39143.5,39722.0,34347.0,36734.5,36734.5,4349394468
2021-01-16,36734.5,37969.5,35420.5,36007.0,36007.0,2716337938
2021-01-17,36007.0,36852.5,33862.0,35870.0,35870.0,2787817743
2021-01-18,35870.0,37533.5,34774.5,36684.5,36684.5,2534623334
2021-01-19,36684.5,37920.0,35810.5,35898.0,35898.0,2652624979
2021-01-20,35898.0,36381.5,33333.0,35489.0,35489.0,3153189209
2021-01-21,35489.0,35598.0,29961.0,30810.5,30810.5,4827957533
2021-01-22,30810.5,33835.5,28802.0,33003.0,33003.0,4047359471
2021-01-23,33003.0,33475.0,31413.0,32090.0,32090.0,2248018972
2021-01-24,32090.0,33120.0,30936.0,32290.5,32290.5,1904546206
2021-01-25,32290.5,34872.5,31910.5,32221.0,32221.0,3037356566
2021-01-26,32221.0,32928.0,30803.0,32500.0,32500.0,2807905742
2021-01-27,32500.0,32558.5,29270.0,30381.0,30381.0,3182339546
2021-01-28,30381.0,33793.0,29880.0,33446.0,33446.0,2408020667
2021-01-29,33446.0,38730.0,31999.5,34230.0,34230.0,6550659922
2021-01-30,34230.0,34889.0,32781.0,34310.5,34310.5,2227538611
2021-01-31,34310.5,34362.0,32176.0,33101.0,33101.0,1627575811
2021-02-01,33101.0,34749.0,32318.0,33550.5,33550.5,2077088786
2021-02-02,33550.5,36051.0,33441.0,35544.5,35544.5,2226392272
2021-02-03,35544.5,37750.0,35426.0,37700.0,37700.0,2662277724
2021-02-04,37700.0,38850.0,36222.0,37030.0,37030.0,2967900059
2021-02-05,37030.0,38419.5,36605.0,38361.5,38361.5,1825963949
2021-02-06,38361.5,41027.5,38293.5,39318.5,39318.5,2745957944
2021-02-07,39318.5,39810.0,37410.5,38900.5,38900.5,2627342478
2021-02-08,38900.5,46929.0,38058.0,46417.5,46417.5,4677725938
2021-02-09,46417.5,48277.0,45073.5,46513.5,46513.5,3586243118
2021-02-10,46513.5,47495.0,43802.5,44888.0,44888.0,2946590028
2021-02-11,44888.0,48833.5,44051.5,48082.0,48082.0,3643247396
2021-02-12,48082.0,49180.0,46234.5,47485.0,47485.0,2832796323
2021-02-13,47485.0,48335.0,46250.5,47265.5,47265.5,2057217655
2021-02-14,47265.5,49876.5,47105.0,48690.5,48690.5,2608808984
2021-02-15,48690.5,49080.0,45726.0,48018.5,48018.5,2614365272
2021-02-16,48018.5,50980.0,47140.0,49199.5,49199.5,3606645741
2021-02-17,49199.5,52743.0,48949.5,52209.5,52209.5,2907233492
2021-02-18,52209.5,52594.5,50940.0,51613.0,51613.0,2165933671
2021-02-19,51613.0,56454.0,50732.0,55934.0,55934.0,2963785938
2021-02-20,55934.0,57636.0,53991.0,55934.5,55934.5,2810562544
2021-02-21,55934.5,58464.0,55552.0,57542.5,57542.5,2276211707
2021-02-22,57542.5,57577.5,47566.5,54122.5,54122.5,6469168708
2021-02-23,54122.5,54205.5,44813.0,48923.5,48923.5,7289632823
2021-02-24,48923.5,51420.0,46961.5,49691.0,49691.0,2903146594
2021-02-25,49691.0,52151.5,46717.0,47110.0,47110.0,2984172940
2021-02-26,47110.0,48428.5,44100.0,46320.0,46320.0,3727451804
2021-02-27,46320.0,48399.5,45000.0,46171.5,46171.5,1872080256
2021-02-28,46171.5,46644.5,43040.0,45211.0,45211.0,2973600828
2021-03-01,45211.0,49833.0,45030.5,49664.5,49664.5,2102619079
2021-03-02,49664.5,50272.0,47100.0,48483.5,48483.5,2101593607
2021-03-03,48483.5,52669.5,48157.5,50346.0,50346.0,2433721732
2021-03-04,50346.0,51775.0,47468.0,48333.0,48333.0,2698319781
2021-03-05,48333.0,49461.0,46266.0,48768.5,48768.5,2598617339
2021-03-06,48768.5,49225.5,47092.0,48904.5,48904.5,1420976714
2021-03-07,48904.5,51500.0,48904.5,51027.0,51027.0,1758722602
2021-03-08,51027.0,52489.0,49329.0,52480.0,52480.0,2172323549
2021-03-09,52480.0,54965.0,52005.0,54960.0,54960.0,2256190115
2021-03-10,54960.0,57477.0,52978.0,55975.5,55975.5,3241934240
2021-03-11,55975.5,58300.0,54324.0,57909.5,57909.5,3219598123
2021-03-12,57909.5,58167.0,54850.5,57315.0,57315.0,3112750436
2021-03-13,57315.0,61900.0,56135.0,61280.5,61280.5,2937102754
2021-03-14,61280.5,61709.5,59029.0,59029.0,59029.0,2275102384
2021-03-15,59029.0,60689.5,54505.5,55627.5,55627.5,4265568113
2021-03-16,55627.5,57010.0,53264.0,57009.5,57009.5,3150700340
2021-03-17,57009.5,59095.0,54156.5,59015.5,59015.5,2827159946
2021-03-18,59015.5,60176.0,57010.0,57620.0,57620.0,2601706666
2021-03-19,57620.0,59527.5,56270.0,58073.5,58073.5,2521821493
2021-03-20,58073.5,60019.5,57883.5,58146.5,58146.5,2151097092
2021-03-21,58146.5,58576.5,55114.5,57421.5,57421.5,2363048374
2021-03-22,57421.5,58506.0,53730.0,54090.0,54090.0,2718794935
2021-03-23,54090.0,55826.5,53000.0,54394.0,54394.0,2547069006
2021-03-24,54394.0,57247.0,51750.0,52244.5,52244.5,3572267643
2021-03-25,52244.5,53225.5,50475.5,51321.5,51321.5,3542906196
2021-03-26,51321.5,55118.0,51272.5,55081.5,55081.5,2237949211
2021-03-27,55081.5,56682.5,54010.0,55869.5,55869.5,2174736146
2021-03-28,55869.5,56580.0,54750.0,55788.5,55788.5,1875741971
2021-03-29,55788.5,58490.0,54965.5,57680.5,57680.5,2672316336
2021-03-30,57680.5,59449.0,57093.5,58812.0,58812.0,2020805220
2021-03-31,58812.0,59950.0,56899.0,58876.0,58876.0,3278943503
2021-04-01,58876.0,59518.5,57960.5,58806.0,58806.0,2390606354
2021-04-02,58806.0,60347.0,58454.0,59020.0,59020.0,2522337435
2021-04-03,59020.0,59906.0,56953.5,57126.5,57126.5,3021092146
2021-04-04,57126.5,58586.0,56500.0,58258.0,58258.0,2226550312
2021-04-05,58258.0,59359.0,56824.5,59330.0,59330.0,2366766276
2021-04-06,59330.0,59612.0,57471.5,58064.0,58064.0,2654892714
2021-04-07,58064.0,58686.0,55500.0,55937.5,55937.5,4110510476
2021-04-08,55937.5,58208.5,55673.5,58149.0,58149.0,1979195607
2021-04-09,58149.0,58945.0,57746.5,58123.0,58123.0,1743769860
2021-04-10,58123.0,61709.5,57920.5,59790.5,59790.5,3161999211
2021-04-11,59790.5,60698.5,59259.5,60076.0,60076.0,1836674222
2021-04-12,60076.0,61424.0,59437.0,59880.5,59880.5,2094184244
2021-04-13,59880.5,63834.0,59825.0,63674.0,63674.0,3277602024
2021-04-14,63674.0,65000.0,61355.5,63071.5,63071.5,4814818199
2021-04-15,63071.5,63953.0,62131.0,63323.5,63323.5,2274300829
2021-04-16,63323.5,63593.5,60010.5,61470.0,61470.0,3769448703
2021-04-17,61470.0,62598.0,59673.0,60114.5,60114.5,2251302821
2021-04-18,60114.5,60426.0,50876.0,56258.5,56258.5,6233793396
2021-04-19,56258.5,57553.0,54376.0,55705.5,55705.5,2942867155
2021-04-20,55705.5,57127.0,53405.0,56513.5,56513.5,3047480036
2021-04-21,56513.5,56802.5,53668.0,53828.5,53828.5,2488150458
2021-04-22,53828.5,55500.0,50549.0,51719.5,51719.5,4040375940
2021-04-23,51719.5,52124.5,47530.5,51137.5,51137.5,4442442449
2021-04-24,51137.5,51164.0,48744.5,50120.0,50120.0,1795370866
2021-04-25,50120.0,50620.5,47010.0,49080.0,49080.0,1730240840
2021-04-26,49080.0,54363.5,48812.0,54025.0,54025.0,2542435856
2021-04-27,54025.0,55487.5,53290.5,55050.5,55050.5,1437594700
2021-04-28,55050.5,56494.0,53893.5,54869.5,54869.5,1803734583
2021-04-29,54869.5,55202.5,52381.0,53524.0,53524.0,1701448071
2021-04-30,53524.0,57966.5,53064.0,57748.5,57748.5,1841533132
2021-05-01,57748.5,58500.0,57112.0,57874.5,57874.5,1163014621
2021-05-02,57874.5,57980.0,56095.0,56641.5,56641.5,1154243253
2021-05-03,56641.5,59032.5,56507.0,57191.5,57191.5,1780150713
2021-05-04,57191.5,57206.0,53064.5,53262.5,53262.5,2613189229
2021-05-05,53262.5,57921.0,52857.0,57553.5,57553.5,2314871489
2021-05-06,57553.5,58428.5,55342.0,56417.0,56417.0,1971567485
2021-05-07,56417.0,58781.5,55313.0,57422.0,57422.0,1834221346
2021-05-08,57422.0,59646.0,57036.0,59000.0,59000.0,1933519416
2021-05-09,59000.0,59341.5,56350.0,58299.5,58299.5,1952362620
2021-05-10,58299.5,59806.0,53849.0,55912.5,55912.5,3272957761
2021-05-11,55912.5,56900.0,54502.0,56764.0,56764.0,2021067271
2021-05-12,56764.0,58036.5,48520.0,49493.0,49493.0,3567563624
2021-05-13,49493.0,51344.5,44632.5,49700.0,49700.0,4764678017
2021-05-14,49700.0,51533.5,48887.5,49888.0,49888.0,1541974906
2021-05-15,49888.0,50671.5,46563.5,46757.0,46757.0,2319470758
2021-05-16,46757.0,49788.5,43868.0,46436.0,46436.0,3209427626
2021-05-17,46436.0,46653.0,42134.0,43582.0,43582.0,4181106482
2021-05-18,43582.0,45798.5,42250.0,42854.5,42854.5,2717396004
2021-05-19,42854.5,43596.0,28157.0,36811.0,36811.0,8625864433
2021-05-20,36811.0,42444.0,34873.0,40620.5,40620.5,3453752671
2021-05-21,40620.5,42327.0,33460.0,37301.0,37301.0,3346306092
2021-05-22,37301.0,38885.0,35244.0,37446.5,37446.5,1880503309
2021-05-23,37446.5,38270.5,31100.0,34711.0,34711.0,2882564071
2021-05-24,34711.0,39920.0,34453.0,38842.5,38842.5,1991029675
2021-05-25,38842.5,39810.0,36511.0,38379.5,38379.5,2038678353
2021-05-26,38379.5,40891.5,37784.0,39254.5,39254.5,1892793740
2021-05-27,39254.5,40444.0,37143.5,38513.0,38513.0,1631304226
2021-05-28,38513.0,38952.0,34710.5,35689.5,35689.5,2399527182
2021-05-29,35689.5,37348.5,33650.0,34587.0,34587.0,1876207814
2021-05-30,34587.0,36549.0,33390.5,35670.0,35670.0,1119093889
2021-05-31,35670.0,37488.5,34168.5,37265.0,37265.0,1631293307
2021-06-01,37265.0,37935.0,35695.0,36677.0,36677.0,1557627256
2021-06-02,36677.0,38199.0,35922.0,37534.5,37534.5,1253832473
2021-06-03,37534.5,39430.0,37160.5,39180.0,39180.0,1390031905
2021-06-04,39180.0,39222.0,35583.0,36840.5,36840.5,2150929702
2021-06-05,36840.5,37921.0,34811.0,35500.0,35500.0,1910494951
2021-06-06,35500.0,36450.0,35235.0,35780.5,35780.5,926947069
2021-06-07,35780.5,36806.0,33300.0,33538.0,33538.0,1543459414
2021-06-08,33538.0,34036.5,31050.0,33389.0,33389.0,2161954454
2021-06-09,33389.0,37488.0,32420.5,37369.5,37369.5,2113774400
2021-06-10,37369.5,38450.0,35810.5,36655.5,36655.5,1627806200
2021-06-11,36655.5,37667.5,35925.5,37311.0,37311.0,1092481700
2021-06-12,37311.0,37437.0,34600.5,35521.0,35521.0,1366679200
2021-06-13,35521.0,39415.0,34754.0,39022.5,39022.5,1445198100
2021-06-14,39022.5,40995.0,38651.0,40515.0,40515.0,1672058500
2021-06-15,40515.0,41338.0,39510.0,40149.5,40149.5,1313076100
2021-06-16,40149.5,40472.0,38018.0,38310.5,38310.5,1471046100
2021-06-17,38310.5,39540.0,37317.5,38050.0,38050.0,1206252200
2021-06-18,38050.0,38176.5,35123.5,35788.0,35788.0,1421015100
2021-06-19,35788.0,36434.0,34801.0,35483.5,35483.5,1080696900
2021-06-20,35483.5,36159.0,33333.0,35582.0,35582.0,1513812100
2021-06-21,35582.0,35747.5,31086.0,31619.0,31619.0,2478047000
2021-06-22,31619.0,33294.0,28803.0,32519.5,32519.5,2489334600
2021-06-23,32519.5,34800.0,31752.0,33654.0,33654.0,1392033900
2021-06-24,33654.0,35361.0,32307.5,34637.0,34637.0,1161417800
2021-06-25,34637.0,35579.0,31247.5,31562.5,31562.5,1636666600
2021-06-26,31562.5,32719.5,30149.0,32244.5,32244.5,1493017000
2021-06-27,32244.5,34799.0,32000.0,34706.0,34706.0,1292964300
2021-06-28,34706.0,35277.0,33879.0,34463.0,34463.0,1190523200
2021-06-29,34463.0,36585.0,34198.5,35920.5,35920.5,1153867100
2021-06-30,35920.5,36079.5,34042.0,35028.0,35028.0,1364084700
2021-07-01,35028.0,35037.0,32710.5,33507.5,33507.5,1273473100
2021-07-02,33507.5,33965.5,32641.0,33790.5,33790.5,965701200
2021-07-03,33790.5,34942.5,33257.5,34668.0,34668.0,752843500
2021-07-04,34668.0,35945.0,34360.0,35290.5,35290.5,612414600
2021-07-05,35290.5,35291.0,33017.0,33712.0,33712.0,1135244100
2021-07-06,33712.0,35101.0,33488.0,34213.5,34213.5,1095961700
2021-07-07,34213.5,35080.0,33755.0,33836.0,33836.0,885812600
2021-07-08,33836.0,33900.0,32130.0,32855.0,32855.0,1100771500
2021-07-09,32855.0,34093.0,32255.0,33813.0,33813.0,708163600
2021-07-10,33813.0,34240.5,33030.5,33500.0,33500.0,659555400
2021-07-11,33500.0,34633.0,33333.0,34256.0,34256.0,620951400
2021-07-12,34256.0,34669.5,32642.0,33080.0,33080.0,946512100
2021-07-13,33080.0,33331.0,32147.5,32712.5,32712.5,789833800
2021-07-14,32712.5,33080.0,31573.0,32806.0,32806.0,801923800
2021-07-15,32806.0,33169.5,31114.5,31863.0,31863.0,943755400
2021-07-16,31863.0,32240.5,31015.0,31380.0,31380.0,949397600
2021-07-17,31380.0,31930.0,31130.0,31509.5,31509.5,734985600
2021-07-18,31509.5,32438.5,31064.0,31768.5,31768.5,743551900
2021-07-19,31768.5,31889.5,30404.5,30805.5,30805.5,807165600
2021-07-20,30805.5,31040.0,29211.5,29779.0,29779.0,1154576800
2021-07-21,29779.0,32828.5,29492.0,32105.5,32105.5,1221085100
2021-07-22,32105.5,32594.5,31709.0,32298.5,32298.5,632301200
2021-07-23,32298.5,33599.0,32005.0,33599.0,33599.0,786420500
2021-07-24,33599.0,34515.0,33419.5,34253.5,34253.5,909708500
2021-07-25,34253.5,35433.0,33875.0,35392.0,35392.0,861634700
2021-07-26,35392.0,40540.5,35266.5,37240.0,37240.0,3140235400
2021-07-27,37240.0,39540.0,36379.0,39473.5,39473.5,1740744600
2021-07-28,39473.5,40950.0,38728.5,39998.0,39998.0,2010107500
2021-07-29,39998.0,40677.5,39212.5,40034.5,40034.5,1105934800
2021-07-30,40034.5,42333.0,38342.0,42260.5,42260.5,1454327600
2021-07-31,42260.5,42440.0,41050.0,41439.5,41439.5,819371700
2021-08-01,41439.5,42648.0,39364.0,39810.5,39810.5,1221283400
2021-08-02,39810.5,40432.0,38683.5,39151.0,39151.0,1187917400
2021-08-03,39151.0,39810.0,37470.0,38173.5,38173.5,1360143200
2021-08-04,38173.5,39950.0,37412.5,39747.0,39747.0,952477600
2021-08-05,39747.0,41365.0,37240.0,40905.5,40905.5,1789495200
2021-08-06,40905.5,43395.0,39897.0,42831.0,42831.0,1492910200
2021-08-07,42831.0,44750.0,42526.0,44624.0,44624.0,1514719500
2021-08-08,44624.0,45339.0,43302.0,43834.0,43834.0,1403602800
2021-08-09,43834.0,46489.5,42831.0,46270.0,46270.0,1800803800
2021-08-10,46270.0,46746.0,44663.0,45601.0,45601.0,1203764900
2021-08-11,45601.0,46814.0,45350.0,45518.5,45518.5,1206767600
2021-08-12,45518.5,46150.0,43842.0,44387.5,44387.5,1344271800
2021-08-13,44387.5,47933.0,44250.0,47821.0,47821.0,1469990900
2021-08-14,47821.0,48200.0,46005.0,47097.5,47097.5,1108553800
2021-08-15,47097.5,47416.5,45467.5,47030.0,47030.0,1298315100
2021-08-16,47030.0,48090.0,45619.0,45859.0,45859.0,1696842900
2021-08-17,45859.0,47181.0,44401.0,44650.0,44650.0,1898833000
2021-08-18,44650.0,46025.0,44200.0,44697.0,44697.0,1634568300
2021-08-19,44697.0,47121.0,43917.0,46767.5,46767.5,1642350200
2021-08-20,46767.5,49487.5,46659.0,49362.0,49362.0,1709919300
2021-08-21,49362.0,49820.5,48216.0,48855.0,48855.0,1286466200
2021-08-22,48855.0,49550.0,48083.5,49299.5,49299.5,1163556100
2021-08-23,49299.5,50596.0,49049.0,49485.5,49485.5,1479013100
2021-08-24,49485.5,49884.5,47555.0,47668.0,47668.0,1807472200
2021-08-25,47668.0,49300.0,47060.5,49014.0,49014.0,1981090700
2021-08-26,49014.0,49370.5,46272.0,46835.5,46835.5,2021216100
2021-08-27,46835.5,49213.5,46335.5,49086.5,49086.5,1742598600
2021-08-28,49086.5,49331.5,48386.0,48924.0,48924.0,973570000
2021-08-29,48924.0,49711.0,47765.5,48800.0,48800.0,1277967500
2021-08-30,48800.0,48919.0,46833.5,46979.5,46979.5,1526527900
2021-08-31,46979.5,48292.5,46678.0,47139.0,47139.0,1551806200
2021-09-01,47139.0,49118.5,46507.0,48849.5,48849.5,1627801000
2021-09-02,48849.5,50440.5,48623.0,49314.0,49314.0,1762725600
2021-09-03,49314.0,51123.5,48350.0,50026.0,50026.0,1970239700
2021-09-04,50026.0,50588.0,49402.0,49949.0,49949.0,1036367200
2021-09-05,49949.0,51982.5,49496.0,51848.5,51848.5,1284632700
2021-09-06,51848.5,52837.0,51043.0,52713.5,52713.5,1334573500
2021-09-07,52713.5,52999.0,42479.5,46861.0,46861.0,4696714300
2021-09-08,46861.0,47340.0,44465.0,46053.5,46053.5,1786649600
2021-09-09,46053.5,47381.0,45512.0,46376.0,46376.0,1204808500
2021-09-10,46376.0,47029.5,44132.0,44836.0,44836.0,1614230900
2021-09-11,44836.0,45964.0,44706.0,45157.0,45157.0,916593200
2021-09-12,45157.0,46500.0,44730.5,46025.0,46025.0,993983200
2021-09-13,46025.0,46985.0,43400.0,44974.5,44974.5,2200568800
2021-09-14,44974.5,47243.0,44698.5,47108.5,47108.5,1244721900
2021-09-15,47108.5,48436.0,46676.5,48110.5,48110.5,1120661200
2021-09-16,48110.5,48500.0,47044.5,47740.0,47740.0,1104154700
2021-09-17,47740.0,48150.0,46656.0,47277.0,47277.0,1027193700
2021-09-18,47277.0,48838.5,47031.5,48266.0,48266.0,852342800
2021-09-19,48266.0,48339.0,47022.0,47390.0,47390.0,774113100
